,Theta2,Std.Error_theta2
0,0.6,2.7888908955059826
1,-0.10000000000000002,0.01304521473693946
2,0.10000000999999999,0.3618318021696616
